88 Thompson Dr. Apple Valley, CA 92307
7930 Cambridge Dr. Chippewa Falls, WI 54729
7257 Andover Street Ballston Spa, NY 12020
48 Gonzales St. Merrimack, NH 03054
8390 N. La Sierra St. New Milford, CT 06776
1 Smoky Hollow Ave. Coatesville, PA 19320
721 S Princeton St. Ottawa, Kansas(KS), 66067
2101 Honaker, Virginia(VA), 24260
6080 Langhorne Rd. Pulaski, Virginia(VA), 24301
106 N Marshall Blvd Bunkie, Louisiana(LA), 71322
4297 Trotters Ln NE Auburn, Georgia(GA), 30011
144 Eleuthera Dr #144 Dania, Florida(FL), 33004
3995 Bakers Chapel Rd. Aynor, South Carolina(SC), 29511
404 San Juan Dr. Modesto, California(CA), 95354
638 Conway Rd. Fair Bluff, North Carolina(NC), 28439